{"cameraMode":{"drawMode":0,"name":"Shaded","section":"Shading Mode"},"sceneLighting":true,"audioPlay":false,"sceneViewState":{"showFog":false,"showMaterialUpdate":false,"showSkybox":false,"showFlares":false,"showImageEffects":false,"showParticleSystems":false},"in2DMode":false,"pivot":{"x":0.0679018497467041,"y":0.16710856556892396,"z":-2.2941062450408937},"rotation":{"x":0.4189694821834564,"y":-0.000004391225957078859,"z":0.000001938818058988545,"w":0.9080003499984741},"size":8.112602233886719,"orthographic":false}