{"cameraMode":{"drawMode":0,"name":"Shaded","section":"Shading Mode"},"sceneLighting":false,"audioPlay":false,"sceneViewState":{"showFog":false,"showMaterialUpdate":false,"showSkybox":false,"showFlares":false,"showImageEffects":false,"showParticleSystems":false},"in2DMode":false,"pivot":{"x":-0.9375492334365845,"y":0.10000000894069672,"z":-1.7624807357788087},"rotation":{"x":0.41789084672927859,"y":0.15809166431427003,"z":-0.07409970462322235,"w":0.8915624618530273},"size":0.7246308326721191,"orthographic":false}